,bitcoin,ethereum,xrp,bitcoincash,eos,stellar
2019-01-05 16:54:15.315612,68.0,6.0,2.0,0.0,3.0,19.0
2019-01-05 16:58:48.254758,129.0,11.0,9.0,0.0,6.0,37.0
2019-01-05 17:03:20.046565,246.0,29.0,14.0,3.0,7.0,50.0
2019-01-05 17:07:52.169152,301.0,36.0,18.0,3.0,9.0,63.0
2019-01-05 17:12:34.937366,359.0,45.0,22.0,3.0,12.0,74.0
2019-01-05 17:17:06.293226,401.0,52.0,26.0,4.0,12.0,83.0
2019-01-05 17:21:38.373656,459.0,59.0,32.0,4.0,14.0,93.0
2019-01-05 17:26:09.957132,501.0,65.0,42.0,5.0,15.0,99.0
2019-01-05 17:30:41.256312,563.0,76.0,44.0,5.0,15.0,106.0
2019-01-05 17:35:13.521350,617.0,82.0,49.0,5.0,18.0,120.0
2019-01-05 17:39:44.797606,679.0,86.0,56.0,6.0,20.0,127.0
2019-01-05 17:44:16.732202,719.0,91.0,61.0,6.0,23.0,134.0
2019-01-05 17:48:48.094690,771.0,96.0,69.0,6.0,28.0,144.0
2019-01-05 17:53:19.454396,818.0,100.0,72.0,7.0,29.0,156.0
2019-01-05 17:57:50.926337,863.0,108.0,80.0,7.0,31.0,168.0
2019-01-05 18:02:22.629507,934.0,124.0,84.0,10.0,34.0,180.0
2019-01-05 18:06:53.910699,986.0,129.0,103.0,10.0,36.0,195.0
2019-01-05 18:11:25.635214,1035.0,137.0,109.0,10.0,37.0,205.0
2019-01-05 18:15:57.842281,1081.0,145.0,115.0,13.0,38.0,212.0
2019-01-05 18:20:29.167895,1130.0,150.0,122.0,13.0,39.0,221.0
2019-01-05 18:25:00.906784,1157.0,154.0,125.0,13.0,40.0,236.0
2019-01-05 18:29:33.171233,1199.0,159.0,136.0,13.0,42.0,246.0
2019-01-05 18:34:04.558522,1253.0,165.0,146.0,14.0,43.0,259.0
2019-01-05 18:38:36.984910,1303.0,169.0,151.0,14.0,44.0,265.0
2019-01-05 18:43:08.729404,1349.0,177.0,156.0,14.0,47.0,271.0
2019-01-05 18:47:41.067444,1408.0,181.0,164.0,14.0,49.0,284.0
2019-01-05 18:52:12.832791,1453.0,185.0,169.0,14.0,52.0,295.0
2019-01-05 18:56:45.030982,1492.0,188.0,180.0,15.0,54.0,310.0
2019-01-05 19:01:18.480552,1562.0,197.0,188.0,15.0,54.0,327.0
2019-01-05 19:05:52.181413,1611.0,208.0,192.0,16.0,58.0,334.0
2019-01-05 19:10:23.449327,1651.0,214.0,196.0,16.0,62.0,343.0
2019-01-05 19:14:54.756663,1697.0,220.0,201.0,16.0,67.0,354.0
2019-01-05 19:19:26.116921,1745.0,224.0,205.0,16.0,68.0,370.0
2019-01-05 19:23:57.512059,1780.0,235.0,213.0,16.0,68.0,383.0
2019-01-05 19:28:29.631917,1813.0,241.0,216.0,16.0,70.0,390.0
2019-01-05 19:33:00.788422,1857.0,244.0,223.0,16.0,72.0,398.0
2019-01-05 19:37:32.375797,1889.0,249.0,232.0,16.0,74.0,405.0
2019-01-05 19:42:04.098378,1927.0,253.0,236.0,17.0,77.0,413.0
2019-01-05 19:46:36.245674,1964.0,260.0,247.0,18.0,81.0,430.0
2019-01-05 19:51:08.365917,2101.0,268.0,254.0,18.0,81.0,438.0
2019-01-05 19:55:40.407715,2151.0,275.0,262.0,20.0,81.0,447.0
2019-01-05 20:00:11.707349,2205.0,282.0,266.0,20.0,83.0,456.0
2019-01-05 20:04:43.511476,2274.0,296.0,292.0,22.0,88.0,462.0
2019-01-05 20:09:15.706597,2320.0,301.0,300.0,23.0,91.0,466.0
2019-01-05 20:13:47.048004,2365.0,310.0,306.0,23.0,92.0,476.0
2019-01-05 20:18:18.374328,2401.0,315.0,310.0,23.0,93.0,483.0
2019-01-05 20:22:50.023230,2437.0,317.0,312.0,23.0,94.0,487.0
2019-01-05 20:27:21.178519,2483.0,323.0,319.0,24.0,95.0,500.0
2019-01-05 20:31:53.376107,2523.0,325.0,331.0,24.0,97.0,506.0
2019-01-05 20:36:25.547093,2555.0,327.0,340.0,24.0,98.0,514.0
2019-01-05 20:40:56.755115,2599.0,331.0,344.0,24.0,102.0,520.0
2019-01-05 20:45:30.607798,2629.0,334.0,354.0,24.0,102.0,527.0
2019-01-05 20:50:02.363958,2667.0,341.0,361.0,24.0,105.0,533.0
2019-01-05 20:54:34.567494,2711.0,346.0,370.0,24.0,106.0,536.0
2019-01-05 20:59:06.832564,2745.0,349.0,376.0,24.0,110.0,544.0
2019-01-05 21:03:38.399476,2812.0,359.0,383.0,26.0,114.0,551.0
2019-01-05 21:08:10.118378,2874.0,368.0,390.0,26.0,116.0,559.0
2019-01-05 21:12:41.509431,2921.0,372.0,393.0,26.0,116.0,566.0
2019-01-05 21:17:12.979698,2955.0,378.0,403.0,28.0,116.0,569.0
2019-01-05 21:21:44.731191,2988.0,381.0,422.0,30.0,117.0,578.0
2019-01-05 21:26:16.756879,3010.0,385.0,425.0,30.0,118.0,593.0
2019-01-05 21:30:48.300414,3067.0,386.0,432.0,31.0,118.0,607.0
2019-01-05 21:35:19.497146,3120.0,396.0,444.0,31.0,119.0,619.0
2019-01-05 21:39:51.378449,3152.0,399.0,452.0,31.0,120.0,626.0
2019-01-05 21:44:23.205640,3186.0,406.0,461.0,31.0,123.0,632.0
2019-01-05 21:48:55.441070,3211.0,410.0,470.0,31.0,126.0,642.0
2019-01-05 21:53:26.960306,3244.0,413.0,481.0,31.0,127.0,646.0
2019-01-05 21:57:58.322401,3273.0,414.0,489.0,31.0,128.0,649.0
2019-01-05 22:02:29.814385,3323.0,426.0,495.0,32.0,133.0,663.0
2019-01-05 22:07:01.082080,3384.0,433.0,509.0,33.0,135.0,677.0
2019-01-05 22:11:32.569044,3427.0,439.0,514.0,33.0,137.0,693.0
2019-01-05 22:16:03.912581,3460.0,443.0,520.0,33.0,138.0,745.0
2019-01-05 22:20:35.208998,3489.0,448.0,528.0,33.0,142.0,799.0
2019-01-05 22:25:06.948881,3532.0,453.0,531.0,33.0,144.0,845.0
2019-01-05 22:29:39.145810,3564.0,463.0,537.0,33.0,145.0,882.0
2019-01-05 22:34:10.604302,3609.0,467.0,543.0,34.0,146.0,921.0
2019-01-05 22:38:41.905786,3644.0,472.0,550.0,34.0,152.0,953.0
2019-01-05 22:43:13.225770,3674.0,477.0,554.0,34.0,157.0,976.0
2019-01-05 22:47:44.506479,3709.0,480.0,564.0,34.0,160.0,1002.0
2019-01-05 22:52:15.889234,3752.0,484.0,574.0,34.0,165.0,1032.0
2019-01-05 22:56:48.302018,3791.0,486.0,579.0,34.0,166.0,1059.0
2019-01-05 23:01:19.778506,3856.0,497.0,596.0,34.0,166.0,1104.0
2019-01-05 23:05:50.990939,3899.0,506.0,607.0,36.0,170.0,1138.0
2019-01-05 23:10:23.160884,3935.0,508.0,614.0,36.0,173.0,1171.0
2019-01-05 23:14:55.326548,4005.0,513.0,619.0,38.0,173.0,1199.0
2019-01-05 23:19:26.675845,4058.0,514.0,634.0,39.0,175.0,1220.0
2019-01-05 23:23:58.318332,4090.0,518.0,638.0,39.0,175.0,1248.0
2019-01-05 23:28:30.379302,4129.0,521.0,646.0,39.0,176.0,1279.0
2019-01-05 23:33:01.754448,4168.0,526.0,652.0,39.0,177.0,1313.0
2019-01-05 23:37:33.239107,4202.0,531.0,657.0,39.0,180.0,1347.0
2019-01-05 23:42:04.855416,4234.0,532.0,658.0,39.0,183.0,1375.0
2019-01-05 23:46:36.077795,4262.0,534.0,664.0,39.0,184.0,1404.0
2019-01-05 23:51:08.191483,4304.0,541.0,673.0,39.0,185.0,1436.0
2019-01-05 23:55:40.295048,4347.0,544.0,680.0,39.0,185.0,1459.0
2019-01-06 00:00:11.513984,4395.0,548.0,686.0,39.0,186.0,1486.0
2019-01-06 00:04:42.931349,4438.0,554.0,691.0,40.0,188.0,1522.0
2019-01-06 00:09:15.101570,4486.0,556.0,695.0,41.0,191.0,1541.0
2019-01-06 00:13:46.476811,4533.0,560.0,702.0,41.0,192.0,1562.0
2019-01-06 00:18:17.740408,4578.0,562.0,705.0,41.0,193.0,1588.0
2019-01-06 00:22:49.525541,4611.0,565.0,713.0,41.0,194.0,1613.0
2019-01-06 00:27:21.702069,4650.0,567.0,716.0,41.0,197.0,1636.0
2019-01-06 00:31:52.882101,4700.0,569.0,719.0,41.0,197.0,1662.0
2019-01-06 00:36:24.284439,4741.0,576.0,725.0,41.0,199.0,1691.0
2019-01-06 00:40:55.505067,4768.0,577.0,731.0,41.0,200.0,1714.0
2019-01-06 00:45:27.242331,4804.0,579.0,736.0,41.0,203.0,1733.0
2019-01-06 00:49:58.804526,4837.0,583.0,739.0,41.0,203.0,1750.0
2019-01-06 00:54:30.098669,4873.0,592.0,746.0,41.0,205.0,1766.0
2019-01-06 00:59:01.337039,4905.0,596.0,750.0,41.0,207.0,1787.0
2019-01-06 01:03:33.297493,4974.0,606.0,758.0,42.0,209.0,1805.0
2019-01-06 01:08:04.625474,5019.0,608.0,762.0,42.0,211.0,1818.0
2019-01-06 01:12:36.764359,5054.0,610.0,768.0,42.0,214.0,1831.0
2019-01-06 01:17:08.098798,5086.0,613.0,774.0,42.0,215.0,1855.0
2019-01-06 01:21:40.148348,5116.0,622.0,777.0,42.0,215.0,1879.0
2019-01-06 01:26:12.327701,5146.0,624.0,782.0,42.0,216.0,1904.0
2019-01-06 01:30:43.649102,5170.0,627.0,789.0,42.0,218.0,1922.0
2019-01-06 01:35:14.898817,5206.0,634.0,794.0,42.0,220.0,1949.0
2019-01-06 01:39:47.005997,5229.0,635.0,797.0,42.0,220.0,1966.0
2019-01-06 01:44:18.676991,5264.0,638.0,800.0,42.0,221.0,1985.0
2019-01-06 01:48:51.063564,5293.0,641.0,807.0,42.0,221.0,2003.0
2019-01-06 01:53:23.218182,5320.0,644.0,819.0,42.0,221.0,2024.0
2019-01-06 01:57:54.413387,5362.0,646.0,821.0,42.0,221.0,2040.0
2019-01-06 02:02:40.651601,5418.0,656.0,832.0,44.0,223.0,2057.0
2019-01-06 02:07:12.947643,5454.0,661.0,842.0,44.0,224.0,2076.0
2019-01-06 02:11:44.190718,5480.0,664.0,843.0,44.0,225.0,2095.0
2019-01-06 02:16:16.456735,5501.0,674.0,847.0,44.0,226.0,2114.0
2019-01-06 02:20:48.694029,5531.0,674.0,848.0,44.0,229.0,2122.0
2019-01-06 02:25:20.295983,5552.0,677.0,852.0,44.0,230.0,2145.0
2019-01-06 02:29:52.306184,5584.0,678.0,854.0,45.0,230.0,2167.0
2019-01-06 02:34:23.796343,5631.0,681.0,861.0,45.0,231.0,2181.0
2019-01-06 02:38:55.794035,5674.0,688.0,864.0,45.0,232.0,2196.0
2019-01-06 02:43:27.654507,5707.0,689.0,867.0,45.0,234.0,2209.0
2019-01-06 02:47:59.941208,5739.0,693.0,872.0,45.0,235.0,2224.0
2019-01-06 02:52:31.492982,5767.0,695.0,874.0,45.0,237.0,2234.0
2019-01-06 02:57:03.173881,5797.0,702.0,875.0,45.0,239.0,2251.0
2019-01-06 03:01:35.160586,5853.0,710.0,883.0,46.0,243.0,2263.0
2019-01-06 03:06:07.218198,5887.0,716.0,886.0,46.0,247.0,2281.0
2019-01-06 03:10:38.961198,5950.0,717.0,887.0,46.0,248.0,2302.0
2019-01-06 03:15:10.259345,5990.0,723.0,890.0,46.0,250.0,2320.0
2019-01-06 03:19:41.760461,6026.0,729.0,893.0,47.0,250.0,2332.0
2019-01-06 03:24:13.591435,6067.0,731.0,896.0,47.0,250.0,2348.0
2019-01-06 03:28:45.871239,6115.0,733.0,897.0,48.0,252.0,2367.0
2019-01-06 03:33:17.896817,6166.0,742.0,899.0,48.0,253.0,2393.0
2019-01-06 03:37:49.414115,6196.0,744.0,904.0,48.0,255.0,2405.0
2019-01-06 03:42:21.646727,6244.0,749.0,910.0,48.0,255.0,2423.0
2019-01-06 03:46:53.854725,6275.0,752.0,912.0,49.0,258.0,2441.0
2019-01-06 03:51:25.325109,6299.0,754.0,913.0,49.0,260.0,2461.0
2019-01-06 03:55:56.764895,6324.0,757.0,920.0,49.0,260.0,2475.0
2019-01-06 04:00:28.224536,6380.0,763.0,925.0,49.0,262.0,2488.0
2019-01-06 04:04:59.936535,6432.0,769.0,941.0,52.0,265.0,2504.0
2019-01-06 04:09:31.464781,6465.0,771.0,945.0,52.0,268.0,2538.0
2019-01-06 04:14:02.882099,6510.0,777.0,951.0,52.0,268.0,2555.0
2019-01-06 04:18:34.785521,6556.0,780.0,957.0,52.0,270.0,2568.0
2019-01-06 04:23:06.765328,6585.0,786.0,962.0,53.0,271.0,2580.0
2019-01-06 04:27:39.154206,6614.0,786.0,964.0,54.0,272.0,2599.0
2019-01-06 04:32:10.606902,6655.0,791.0,970.0,54.0,272.0,2619.0
2019-01-06 04:36:42.745711,6680.0,797.0,977.0,54.0,276.0,2627.0
2019-01-06 04:41:15.015588,6707.0,798.0,983.0,54.0,276.0,2634.0
2019-01-06 04:45:46.737083,6734.0,803.0,987.0,54.0,278.0,2650.0
2019-01-06 04:50:18.255513,6763.0,805.0,990.0,54.0,279.0,2664.0
2019-01-06 04:54:49.925383,6800.0,807.0,992.0,54.0,282.0,2680.0
2019-01-06 04:59:21.212874,6827.0,815.0,994.0,54.0,283.0,2692.0
2019-01-06 05:03:53.037290,6895.0,832.0,1001.0,58.0,287.0,2698.0
2019-01-06 05:08:24.492903,6931.0,836.0,1006.0,58.0,289.0,2709.0
2019-01-06 05:12:55.948441,6982.0,838.0,1007.0,58.0,291.0,2715.0
2019-01-06 05:17:28.386427,7022.0,846.0,1008.0,58.0,293.0,2724.0
2019-01-06 05:22:00.298941,7044.0,847.0,1011.0,58.0,294.0,2733.0
2019-01-06 05:26:32.644363,7072.0,851.0,1014.0,58.0,297.0,2747.0
2019-01-06 05:31:04.276724,7103.0,855.0,1016.0,58.0,300.0,2759.0
2019-01-06 05:35:36.573701,7132.0,858.0,1020.0,58.0,302.0,2764.0
2019-01-06 05:40:08.130807,7159.0,865.0,1021.0,59.0,304.0,2769.0
2019-01-06 05:44:39.863247,7182.0,868.0,1026.0,59.0,305.0,2776.0
2019-01-06 05:49:11.469690,7203.0,872.0,1030.0,60.0,306.0,2788.0
2019-01-06 05:53:43.812562,7231.0,876.0,1032.0,60.0,306.0,2796.0
2019-01-06 05:58:16.188498,7262.0,879.0,1037.0,60.0,307.0,2806.0
2019-01-06 06:02:48.066506,7340.0,888.0,1048.0,62.0,309.0,2816.0
2019-01-06 06:07:19.484544,7385.0,893.0,1055.0,62.0,311.0,2823.0
2019-01-06 06:11:51.977243,7411.0,895.0,1058.0,62.0,312.0,2833.0
2019-01-06 06:16:23.350467,7447.0,903.0,1059.0,62.0,313.0,2848.0
2019-01-06 06:20:55.564295,7490.0,909.0,1061.0,63.0,313.0,2864.0
2019-01-06 06:25:27.350802,7521.0,915.0,1062.0,63.0,314.0,2879.0
2019-01-06 06:29:59.634456,7548.0,915.0,1062.0,64.0,314.0,2892.0
2019-01-06 06:34:30.964878,7586.0,925.0,1065.0,64.0,314.0,2899.0
2019-01-06 06:39:03.124741,7622.0,931.0,1071.0,64.0,315.0,2907.0
2019-01-06 06:43:35.191558,7650.0,934.0,1077.0,64.0,315.0,2923.0
2019-01-06 06:48:07.658339,7681.0,938.0,1083.0,64.0,315.0,2931.0
2019-01-06 06:52:39.206513,7706.0,945.0,1087.0,65.0,317.0,2940.0
2019-01-06 06:57:10.695700,7736.0,947.0,1089.0,65.0,318.0,2945.0
2019-01-06 07:01:43.049450,7782.0,956.0,1094.0,66.0,319.0,2953.0
2019-01-06 07:06:17.322292,7828.0,961.0,1099.0,68.0,321.0,2958.0
2019-01-06 07:10:48.980892,7860.0,963.0,1103.0,68.0,321.0,2968.0
2019-01-06 07:15:21.341418,7908.0,967.0,1106.0,68.0,321.0,2975.0
2019-01-06 07:19:53.593146,7943.0,970.0,1107.0,69.0,322.0,2979.0
2019-01-06 07:24:25.241443,7976.0,975.0,1108.0,69.0,324.0,2983.0
2019-01-06 07:28:57.155152,8015.0,982.0,1110.0,69.0,325.0,2992.0
2019-01-06 07:33:28.579476,8060.0,988.0,1112.0,69.0,325.0,2998.0
2019-01-06 07:38:00.093792,8093.0,996.0,1115.0,69.0,327.0,3007.0
2019-01-06 07:42:32.096905,8132.0,1003.0,1117.0,69.0,329.0,3017.0
2019-01-06 07:47:04.104724,8172.0,1011.0,1122.0,70.0,329.0,3025.0
2019-01-06 07:51:35.670644,8203.0,1016.0,1124.0,70.0,330.0,3030.0
2019-01-06 07:56:07.080227,8235.0,1020.0,1128.0,70.0,331.0,3040.0
2019-01-06 08:00:39.236648,8287.0,1028.0,1131.0,70.0,332.0,3050.0
2019-01-06 08:05:11.228746,8344.0,1037.0,1149.0,72.0,336.0,3053.0
2019-01-06 08:09:43.246361,8384.0,1039.0,1152.0,73.0,337.0,3060.0
2019-01-06 08:14:14.676033,8419.0,1042.0,1154.0,73.0,339.0,3066.0
2019-01-06 08:18:46.103669,8460.0,1047.0,1156.0,74.0,341.0,3072.0
2019-01-06 08:23:17.984685,8488.0,1058.0,1158.0,74.0,343.0,3080.0
2019-01-06 08:27:50.184587,8519.0,1065.0,1162.0,75.0,343.0,3087.0
2019-01-06 08:32:21.879442,8564.0,1074.0,1165.0,75.0,344.0,3092.0
2019-01-06 08:36:53.364817,8607.0,1087.0,1170.0,75.0,345.0,3096.0
2019-01-06 08:41:24.882784,8639.0,1090.0,1171.0,75.0,346.0,3100.0
2019-01-06 08:45:56.818075,8668.0,1099.0,1175.0,75.0,347.0,3105.0
2019-01-06 08:50:28.302094,8698.0,1102.0,1179.0,76.0,350.0,3115.0
2019-01-06 08:54:59.683233,8755.0,1103.0,1181.0,76.0,351.0,3122.0
2019-01-06 08:59:31.202190,8775.0,1108.0,1184.0,76.0,352.0,3126.0
2019-01-06 09:04:03.636638,8838.0,1121.0,1196.0,77.0,358.0,3133.0
2019-01-06 09:08:35.292387,8875.0,1129.0,1199.0,77.0,361.0,3135.0
2019-01-06 09:13:06.786117,8918.0,1144.0,1201.0,77.0,365.0,3139.0
2019-01-06 09:17:38.252316,8954.0,1148.0,1207.0,77.0,367.0,3151.0
2019-01-06 09:22:10.292827,9001.0,1155.0,1214.0,77.0,369.0,3152.0
2019-01-06 09:26:41.714699,9037.0,1159.0,1216.0,77.0,373.0,3158.0
2019-01-06 09:31:13.378869,9091.0,1169.0,1219.0,78.0,375.0,3163.0
2019-01-06 09:35:44.804457,9110.0,1177.0,1227.0,78.0,376.0,3165.0
2019-01-06 09:40:17.087071,9160.0,1185.0,1233.0,78.0,378.0,3172.0
2019-01-06 09:44:48.853993,9229.0,1196.0,1237.0,78.0,378.0,3178.0
2019-01-06 09:49:21.032424,9274.0,1201.0,1240.0,78.0,378.0,3180.0
2019-01-06 09:53:52.374316,9333.0,1206.0,1245.0,79.0,379.0,3186.0
2019-01-06 09:58:23.747558,9378.0,1211.0,1251.0,79.0,380.0,3195.0
2019-01-06 10:02:56.024431,9489.0,1225.0,1262.0,80.0,383.0,3203.0
2019-01-06 10:07:28.502545,9547.0,1233.0,1276.0,80.0,388.0,3209.0
2019-01-06 10:12:00.028440,9577.0,1234.0,1280.0,80.0,392.0,3215.0
2019-01-06 10:16:31.729507,9616.0,1242.0,1282.0,80.0,392.0,3219.0
2019-01-06 10:21:03.403766,9652.0,1246.0,1292.0,81.0,396.0,3223.0
2019-01-06 10:25:35.517765,9698.0,1253.0,1295.0,81.0,396.0,3232.0
2019-01-06 10:30:06.942756,9733.0,1261.0,1299.0,81.0,396.0,3234.0
2019-01-06 10:34:39.197995,9768.0,1265.0,1303.0,82.0,397.0,3236.0
2019-01-06 10:39:10.868147,9813.0,1272.0,1314.0,82.0,400.0,3240.0
2019-01-06 10:43:42.631062,9842.0,1278.0,1322.0,82.0,401.0,3245.0
2019-01-06 10:48:14.391934,9888.0,1285.0,1328.0,82.0,402.0,3250.0
2019-01-06 10:52:45.842347,9936.0,1296.0,1332.0,82.0,404.0,3255.0
2019-01-06 10:57:17.393774,9986.0,1307.0,1337.0,82.0,407.0,3261.0
2019-01-06 11:01:49.241460,10064.0,1319.0,1341.0,84.0,409.0,3268.0
2019-01-06 11:06:20.980149,10106.0,1331.0,1346.0,84.0,411.0,3273.0
2019-01-06 11:10:52.776969,10132.0,1335.0,1349.0,84.0,415.0,3282.0
2019-01-06 11:15:24.522193,10180.0,1346.0,1350.0,84.0,418.0,3288.0
2019-01-06 11:19:56.076863,10220.0,1356.0,1353.0,85.0,422.0,3292.0
2019-01-06 11:24:28.229072,10265.0,1369.0,1358.0,85.0,430.0,3295.0
2019-01-06 11:29:00.291604,10342.0,1387.0,1360.0,85.0,430.0,3302.0
2019-01-06 11:33:31.724443,10379.0,1393.0,1365.0,85.0,432.0,3307.0
2019-01-06 11:38:03.342054,10412.0,1398.0,1369.0,85.0,436.0,3317.0
2019-01-06 11:42:35.130048,10439.0,1401.0,1373.0,85.0,437.0,3320.0
2019-01-06 11:47:07.423610,10468.0,1402.0,1379.0,85.0,438.0,3320.0
2019-01-06 11:51:39.870535,10504.0,1406.0,1382.0,85.0,439.0,3327.0
2019-01-06 11:56:11.253036,10537.0,1412.0,1386.0,85.0,442.0,3330.0
2019-01-06 12:00:42.574719,10599.0,1420.0,1392.0,86.0,443.0,3339.0
2019-01-06 12:05:14.668552,10666.0,1426.0,1416.0,88.0,449.0,3345.0
2019-01-06 12:09:46.953747,10708.0,1431.0,1418.0,88.0,451.0,3352.0
2019-01-06 12:14:18.919775,10746.0,1436.0,1421.0,89.0,457.0,3357.0
2019-01-06 12:18:50.363506,10784.0,1440.0,1423.0,89.0,458.0,3373.0
2019-01-06 12:23:22.304448,10816.0,1442.0,1427.0,89.0,460.0,3378.0
2019-01-06 12:27:54.485283,10859.0,1446.0,1437.0,90.0,462.0,3386.0
2019-01-06 12:32:25.873407,10909.0,1454.0,1441.0,90.0,463.0,3390.0
2019-01-06 12:36:58.193922,10955.0,1467.0,1445.0,90.0,465.0,3398.0
2019-01-06 12:41:30.646091,10994.0,1477.0,1449.0,90.0,469.0,3410.0
2019-01-06 12:46:02.419522,11037.0,1483.0,1454.0,91.0,473.0,3418.0
2019-01-06 12:50:33.886352,11067.0,1485.0,1457.0,91.0,475.0,3424.0
2019-01-06 12:55:05.282654,11087.0,1488.0,1463.0,91.0,477.0,3429.0
2019-01-06 12:59:36.755100,11126.0,1499.0,1466.0,91.0,478.0,3435.0
2019-01-06 13:04:08.572403,11200.0,1519.0,1474.0,93.0,483.0,3447.0
2019-01-06 13:08:42.139329,11244.0,1526.0,1478.0,93.0,485.0,3459.0
2019-01-06 13:13:13.913674,11299.0,1535.0,1478.0,93.0,486.0,3466.0
2019-01-06 13:17:46.193732,11339.0,1548.0,1481.0,94.0,487.0,3474.0
2019-01-06 13:22:18.196011,11375.0,1554.0,1484.0,94.0,490.0,3487.0
2019-01-06 13:26:50.513926,11407.0,1560.0,1486.0,95.0,490.0,3492.0
2019-01-06 13:31:22.551965,11445.0,1564.0,1490.0,97.0,491.0,3503.0
2019-01-06 13:35:54.331118,11488.0,1572.0,1503.0,98.0,492.0,3512.0
2019-01-06 13:40:26.500334,11583.0,1579.0,1507.0,98.0,493.0,3518.0
2019-01-06 13:44:58.372579,11645.0,1581.0,1510.0,98.0,496.0,3530.0
2019-01-06 13:49:30.062100,11680.0,1587.0,1515.0,98.0,500.0,3534.0
2019-01-06 13:54:01.603061,11709.0,1596.0,1524.0,98.0,500.0,3542.0
2019-01-06 13:58:33.837022,11747.0,1603.0,1530.0,98.0,503.0,3551.0
2019-01-06 14:03:05.837573,11822.0,1623.0,1545.0,101.0,507.0,3560.0
2019-01-06 14:07:37.204659,11868.0,1631.0,1551.0,101.0,508.0,3575.0
2019-01-06 14:12:08.833875,11910.0,1639.0,1555.0,101.0,509.0,3586.0
2019-01-06 14:16:40.529135,11945.0,1646.0,1559.0,101.0,511.0,3601.0
2019-01-06 14:21:12.801201,11989.0,1656.0,1568.0,103.0,512.0,3610.0
2019-01-06 14:25:44.580065,12030.0,1659.0,1570.0,103.0,512.0,3622.0
2019-01-06 14:30:27.997197,12070.0,1667.0,1577.0,104.0,512.0,3640.0
2019-01-06 14:34:59.508797,12118.0,1675.0,1580.0,105.0,514.0,3652.0
2019-01-06 14:39:31.869881,12160.0,1682.0,1593.0,106.0,516.0,3663.0
2019-01-06 14:44:04.142364,12208.0,1687.0,1593.0,106.0,519.0,3671.0
2019-01-06 14:48:35.900884,12261.0,1692.0,1597.0,106.0,520.0,3679.0
2019-01-06 14:53:07.386317,12295.0,1698.0,1603.0,106.0,520.0,3688.0
2019-01-06 14:57:38.880577,12331.0,1703.0,1610.0,106.0,521.0,3696.0
2019-01-06 15:02:10.986733,12409.0,1713.0,1622.0,107.0,526.0,3707.0
2019-01-06 15:06:42.558352,12461.0,1719.0,1631.0,107.0,529.0,3721.0
2019-01-06 15:11:14.159554,12499.0,1727.0,1635.0,107.0,530.0,3728.0
2019-01-06 15:15:45.752978,12544.0,1733.0,1642.0,107.0,530.0,3739.0
2019-01-06 15:20:17.365583,12583.0,1735.0,1646.0,107.0,533.0,3745.0
2019-01-06 15:24:49.155994,12622.0,1743.0,1655.0,107.0,537.0,3748.0
2019-01-06 15:29:20.707259,12644.0,1749.0,1663.0,107.0,541.0,3763.0
2019-01-06 15:33:52.231732,12687.0,1756.0,1672.0,108.0,542.0,3776.0
2019-01-06 15:38:23.792331,12727.0,1770.0,1675.0,108.0,543.0,3788.0
2019-01-06 15:42:55.870646,12768.0,1778.0,1684.0,108.0,543.0,3802.0
2019-01-06 15:47:28.148221,12799.0,1784.0,1692.0,108.0,545.0,3810.0
2019-01-06 15:51:59.650116,12830.0,1787.0,1695.0,108.0,547.0,3823.0
2019-01-06 15:56:31.097199,12872.0,1789.0,1698.0,108.0,548.0,3827.0
2019-01-06 16:01:02.861648,12944.0,1804.0,1702.0,108.0,551.0,3839.0
2019-01-06 16:05:34.535865,13000.0,1814.0,1731.0,109.0,559.0,3847.0
2019-01-06 16:10:05.968073,13043.0,1816.0,1738.0,109.0,560.0,3857.0
2019-01-06 16:14:37.355931,13091.0,1829.0,1745.0,109.0,562.0,3867.0
2019-01-06 16:19:08.737349,13129.0,1836.0,1753.0,111.0,562.0,3877.0
2019-01-06 16:23:40.356114,13159.0,1842.0,1757.0,111.0,563.0,3884.0
2019-01-06 16:28:11.750032,13187.0,1848.0,1765.0,112.0,563.0,3895.0
2019-01-06 16:32:43.251744,13236.0,1854.0,1768.0,113.0,566.0,3907.0
2019-01-06 16:37:24.114619,13277.0,1862.0,1775.0,113.0,567.0,3922.0
2019-01-06 16:41:57.185453,13310.0,1867.0,1783.0,113.0,567.0,3933.0
2019-01-06 16:46:30.972609,13346.0,1870.0,1794.0,114.0,568.0,3941.0
2019-01-06 16:51:03.138041,13383.0,1874.0,1806.0,114.0,569.0,3953.0
2019-01-06 16:55:35.360152,13418.0,1878.0,1817.0,114.0,569.0,3960.0
2019-01-06 17:00:07.546481,13457.0,1887.0,1824.0,115.0,570.0,3966.0
2019-01-06 17:04:39.757458,13517.0,1903.0,1832.0,118.0,574.0,3980.0
2019-01-06 17:09:11.821258,13554.0,1916.0,1837.0,118.0,575.0,3997.0
2019-01-06 17:13:43.231787,13598.0,1932.0,1844.0,118.0,576.0,4007.0
2019-01-06 17:18:15.477143,13657.0,1946.0,1852.0,118.0,579.0,4013.0
2019-01-06 17:22:47.390012,13705.0,1953.0,1858.0,118.0,579.0,4035.0
2019-01-06 17:27:19.681115,13760.0,1964.0,1867.0,118.0,579.0,4041.0
2019-01-06 17:31:51.036190,13829.0,1970.0,1875.0,118.0,580.0,4046.0
2019-01-06 17:36:22.537481,13879.0,1974.0,1883.0,119.0,583.0,4062.0
2019-01-06 17:40:54.939574,13935.0,1985.0,1887.0,119.0,585.0,4078.0
2019-01-06 17:45:26.588693,13983.0,1995.0,1895.0,119.0,589.0,4088.0
2019-01-06 17:49:59.052250,14026.0,2003.0,1904.0,119.0,591.0,4095.0
2019-01-06 17:54:31.505844,14095.0,2006.0,1910.0,119.0,591.0,4109.0
2019-01-06 17:59:03.133524,14135.0,2011.0,1920.0,119.0,592.0,4120.0
2019-01-06 18:03:34.857203,14223.0,2030.0,1937.0,120.0,596.0,4136.0
2019-01-06 18:08:06.309015,14281.0,2038.0,1941.0,121.0,600.0,4147.0
2019-01-06 18:12:38.596620,14339.0,2048.0,1947.0,122.0,603.0,4165.0
2019-01-06 18:17:10.916067,14391.0,2055.0,1952.0,122.0,604.0,4193.0
2019-01-06 18:21:42.597786,14454.0,2063.0,1962.0,122.0,609.0,4208.0
2019-01-06 18:26:14.500216,14494.0,2073.0,1974.0,123.0,613.0,4216.0
2019-01-06 18:30:46.705660,14535.0,2079.0,1981.0,124.0,616.0,4223.0
2019-01-06 18:35:18.298313,14589.0,2085.0,1992.0,125.0,618.0,4231.0
2019-01-06 18:39:50.582248,14630.0,2092.0,1997.0,125.0,618.0,4243.0
2019-01-06 18:44:22.493202,14673.0,2094.0,2001.0,125.0,618.0,4252.0
2019-01-06 18:48:54.995812,14727.0,2102.0,2011.0,125.0,620.0,4256.0
2019-01-06 18:53:26.625023,14774.0,2111.0,2014.0,125.0,622.0,4269.0
2019-01-06 18:57:58.340060,14817.0,2116.0,2023.0,125.0,623.0,4280.0
2019-01-06 19:02:29.691560,14880.0,2125.0,2039.0,127.0,627.0,4285.0
2019-01-06 19:07:01.915365,14938.0,2131.0,2047.0,127.0,631.0,4301.0
2019-01-06 19:11:33.439539,14982.0,2134.0,2053.0,127.0,633.0,4313.0
2019-01-06 19:16:05.866273,15037.0,2146.0,2062.0,127.0,634.0,4323.0
2019-01-06 19:20:38.301105,15083.0,2148.0,2069.0,128.0,635.0,4337.0
2019-01-06 19:25:10.245618,15114.0,2150.0,2076.0,128.0,636.0,4344.0
2019-01-06 19:29:42.126018,15142.0,2155.0,2082.0,128.0,638.0,4351.0
2019-01-06 19:34:14.678621,15189.0,2159.0,2088.0,128.0,639.0,4360.0
2019-01-06 19:38:46.209705,15239.0,2163.0,2099.0,128.0,641.0,4373.0
2019-01-06 19:43:18.135819,15283.0,2169.0,2112.0,128.0,643.0,4387.0
2019-01-06 19:47:49.811429,15321.0,2171.0,2122.0,130.0,645.0,4396.0
2019-01-06 19:52:21.343504,15362.0,2177.0,2138.0,130.0,648.0,4410.0
2019-01-06 19:56:53.028240,15410.0,2183.0,2147.0,130.0,648.0,4426.0
2019-01-06 20:01:24.551151,15475.0,2191.0,2155.0,131.0,651.0,4438.0
2019-01-06 20:05:56.398275,15527.0,2197.0,2182.0,133.0,654.0,4449.0
2019-01-06 20:10:28.489812,15565.0,2202.0,2191.0,133.0,655.0,4464.0
2019-01-06 20:15:00.058151,15605.0,2204.0,2194.0,133.0,655.0,4471.0
2019-01-06 20:19:32.362381,15659.0,2210.0,2203.0,133.0,656.0,4479.0
2019-01-06 20:24:04.048541,15706.0,2220.0,2207.0,133.0,656.0,4488.0
2019-01-06 20:28:35.715702,15756.0,2223.0,2215.0,133.0,657.0,4492.0
2019-01-06 20:33:07.499811,15801.0,2226.0,2219.0,133.0,657.0,4500.0
2019-01-06 20:37:39.218889,15849.0,2232.0,2231.0,134.0,659.0,4518.0
2019-01-06 20:42:10.947538,15901.0,2238.0,2234.0,134.0,663.0,4527.0
2019-01-06 20:46:44.552986,15947.0,2241.0,2246.0,134.0,666.0,4541.0
2019-01-06 20:51:16.697731,15988.0,2245.0,2250.0,134.0,669.0,4559.0
2019-01-06 20:55:48.637279,16041.0,2248.0,2254.0,134.0,671.0,4572.0
2019-01-06 21:00:20.290767,16100.0,2255.0,2262.0,136.0,671.0,4588.0
2019-01-06 21:04:52.357395,16160.0,2261.0,2266.0,139.0,674.0,4605.0
2019-01-06 21:09:24.686824,16197.0,2267.0,2276.0,139.0,678.0,4613.0
2019-01-06 21:13:56.250677,16244.0,2270.0,2281.0,139.0,680.0,4621.0
2019-01-06 21:18:27.766543,16291.0,2272.0,2291.0,139.0,682.0,4630.0
2019-01-06 21:22:59.675875,16349.0,2277.0,2299.0,139.0,682.0,4641.0
2019-01-06 21:27:31.221651,16411.0,2283.0,2303.0,139.0,682.0,4659.0
2019-01-06 21:32:02.791892,16542.0,2289.0,2312.0,139.0,682.0,4688.0
2019-01-06 21:36:34.620301,16612.0,2296.0,2319.0,139.0,684.0,4711.0
2019-01-06 21:41:07.045785,16664.0,2297.0,2322.0,139.0,687.0,4743.0
2019-01-06 21:45:39.206978,16696.0,2299.0,2325.0,139.0,687.0,4766.0
2019-01-06 21:50:10.774233,16731.0,2301.0,2333.0,139.0,688.0,4782.0
2019-01-06 21:54:43.236347,16768.0,2305.0,2339.0,139.0,690.0,4807.0
2019-01-06 21:59:14.643119,16790.0,2308.0,2346.0,139.0,690.0,4819.0
2019-01-06 22:03:46.933308,16873.0,2323.0,2354.0,141.0,692.0,4845.0
2019-01-06 22:08:18.586830,16914.0,2328.0,2360.0,141.0,696.0,4858.0
2019-01-06 22:12:50.938508,16963.0,2333.0,2367.0,141.0,699.0,4874.0
2019-01-06 22:17:23.354896,16997.0,2341.0,2381.0,142.0,699.0,4886.0
2019-01-06 22:21:54.885390,17048.0,2346.0,2385.0,142.0,703.0,4907.0
2019-01-06 22:26:27.091046,17082.0,2350.0,2385.0,142.0,704.0,4930.0
2019-01-06 22:30:58.592325,17141.0,2351.0,2394.0,142.0,707.0,4962.0
2019-01-06 22:35:30.212283,17183.0,2359.0,2402.0,143.0,709.0,4978.0
2019-01-06 22:40:02.542932,17218.0,2365.0,2406.0,143.0,710.0,5008.0
2019-01-06 22:44:34.998327,17263.0,2370.0,2410.0,143.0,711.0,5019.0
2019-01-06 22:49:06.836089,17305.0,2375.0,2418.0,144.0,712.0,5031.0
2019-01-06 22:53:38.638975,17341.0,2378.0,2425.0,145.0,714.0,5050.0
2019-01-06 22:58:11.096299,17389.0,2390.0,2437.0,145.0,717.0,5073.0
2019-01-06 23:02:43.101624,17465.0,2402.0,2449.0,147.0,721.0,5095.0
2019-01-06 23:07:14.915799,17502.0,2405.0,2461.0,147.0,723.0,5139.0
2019-01-06 23:11:46.581541,17537.0,2408.0,2466.0,147.0,727.0,5167.0
2019-01-06 23:16:18.373764,17572.0,2412.0,2472.0,147.0,730.0,5179.0
2019-01-06 23:20:50.833197,17602.0,2415.0,2483.0,147.0,730.0,5192.0
2019-01-06 23:25:23.160130,17636.0,2419.0,2490.0,148.0,733.0,5209.0
2019-01-06 23:29:55.720071,17677.0,2421.0,2497.0,148.0,735.0,5215.0
2019-01-06 23:34:27.180897,17734.0,2424.0,2504.0,148.0,740.0,5229.0
2019-01-06 23:39:01.802573,17769.0,2426.0,2515.0,148.0,745.0,5239.0
2019-01-06 23:43:34.564341,17791.0,2431.0,2528.0,149.0,746.0,5254.0
2019-01-06 23:48:06.223232,17837.0,2435.0,2532.0,149.0,748.0,5272.0
2019-01-06 23:52:37.885753,17866.0,2438.0,2538.0,149.0,750.0,5290.0
2019-01-06 23:57:09.708378,17896.0,2438.0,2546.0,149.0,750.0,5305.0
2019-01-07 00:01:42.137457,17953.0,2446.0,2549.0,149.0,753.0,5321.0
2019-01-07 00:06:13.815694,17998.0,2448.0,2554.0,150.0,758.0,5331.0
2019-01-07 00:10:45.617922,18042.0,2454.0,2559.0,150.0,759.0,5346.0
2019-01-07 00:15:17.187014,18097.0,2458.0,2565.0,150.0,762.0,5357.0
2019-01-07 00:19:48.831599,18135.0,2459.0,2569.0,150.0,764.0,5363.0
2019-01-07 00:24:20.927628,18178.0,2464.0,2577.0,150.0,768.0,5371.0
2019-01-07 00:28:53.196724,18206.0,2465.0,2582.0,150.0,769.0,5380.0
2019-01-07 00:33:24.764083,18240.0,2466.0,2592.0,150.0,771.0,5388.0
2019-01-07 00:37:57.188858,18275.0,2470.0,2607.0,150.0,773.0,5405.0
2019-01-07 00:42:28.792966,18311.0,2471.0,2614.0,150.0,774.0,5416.0
2019-01-07 00:47:02.364132,18349.0,2475.0,2619.0,150.0,775.0,5421.0
2019-01-07 00:51:34.341705,18380.0,2476.0,2624.0,151.0,776.0,5431.0
2019-01-07 00:56:06.838637,18437.0,2479.0,2632.0,151.0,777.0,5443.0
2019-01-07 01:00:39.236674,18480.0,2485.0,2643.0,151.0,779.0,5458.0
2019-01-07 01:05:11.169029,18520.0,2492.0,2652.0,152.0,781.0,5497.0
2019-01-07 01:09:43.619686,18553.0,2495.0,2660.0,154.0,783.0,5537.0
2019-01-07 01:14:16.092321,18594.0,2498.0,2663.0,154.0,786.0,5564.0
2019-01-07 01:18:48.526687,18627.0,2500.0,2667.0,154.0,787.0,5584.0
2019-01-07 01:23:20.415130,18661.0,2504.0,2669.0,154.0,789.0,5595.0
2019-01-07 01:27:52.763740,18694.0,2509.0,2675.0,154.0,793.0,5605.0
2019-01-07 01:32:25.204968,18744.0,2515.0,2684.0,154.0,796.0,5616.0
2019-01-07 01:36:57.039864,18784.0,2518.0,2696.0,154.0,798.0,5630.0
2019-01-07 01:41:28.605384,18822.0,2525.0,2698.0,154.0,799.0,5640.0
2019-01-07 01:46:00.317755,18860.0,2529.0,2705.0,154.0,806.0,5654.0
2019-01-07 01:50:32.737608,18893.0,2533.0,2711.0,154.0,807.0,5690.0
2019-01-07 01:55:05.191994,18938.0,2539.0,2713.0,154.0,813.0,5726.0
2019-01-07 01:59:37.567254,18970.0,2546.0,2718.0,154.0,815.0,5746.0
2019-01-07 02:04:09.672377,19033.0,2554.0,2743.0,156.0,818.0,5771.0
2019-01-07 02:08:41.361854,19072.0,2563.0,2754.0,156.0,819.0,5782.0
2019-01-07 02:13:12.889094,19106.0,2566.0,2758.0,156.0,821.0,5797.0
2019-01-07 02:17:44.554262,19143.0,2570.0,2761.0,156.0,822.0,5807.0
2019-01-07 02:22:16.246979,19175.0,2574.0,2768.0,156.0,824.0,5820.0
2019-01-07 02:26:48.052690,19212.0,2575.0,2772.0,156.0,827.0,5827.0
2019-01-07 02:31:19.691313,19266.0,2582.0,2776.0,158.0,833.0,5837.0
2019-01-07 02:35:51.484155,19304.0,2585.0,2780.0,159.0,835.0,5852.0
2019-01-07 02:40:23.088518,19345.0,2586.0,2786.0,159.0,839.0,5861.0
2019-01-07 02:44:54.911513,19385.0,2587.0,2789.0,159.0,842.0,5884.0
2019-01-07 02:49:27.105457,19429.0,2590.0,2798.0,159.0,844.0,5908.0
2019-01-07 02:53:58.888408,19482.0,2593.0,2801.0,159.0,847.0,5923.0
2019-01-07 02:58:30.806502,19541.0,2597.0,2804.0,159.0,847.0,5936.0
2019-01-07 03:03:02.733826,19635.0,2608.0,2811.0,160.0,852.0,5954.0
2019-01-07 03:07:35.109660,19672.0,2612.0,2822.0,160.0,859.0,5961.0
2019-01-07 03:12:06.585667,19694.0,2617.0,2831.0,160.0,861.0,5976.0
2019-01-07 03:16:38.181200,19732.0,2618.0,2834.0,160.0,864.0,5991.0
2019-01-07 03:21:10.813946,19777.0,2620.0,2846.0,160.0,865.0,6005.0
2019-01-07 03:25:43.007109,19811.0,2623.0,2854.0,160.0,866.0,6011.0
2019-01-07 03:30:15.307926,19856.0,2626.0,2857.0,161.0,867.0,6017.0
2019-01-07 03:34:47.708456,19885.0,2627.0,2862.0,161.0,869.0,6030.0
2019-01-07 03:39:19.314626,19923.0,2633.0,2869.0,161.0,871.0,6043.0
2019-01-07 03:43:51.008781,19957.0,2637.0,2871.0,162.0,874.0,6056.0
2019-01-07 03:48:22.753253,19998.0,2638.0,2878.0,162.0,877.0,6068.0
2019-01-07 03:52:54.413930,20025.0,2640.0,2878.0,162.0,883.0,6091.0
2019-01-07 03:57:26.126976,20062.0,2642.0,2883.0,162.0,887.0,6106.0
2019-01-07 04:02:03.200527,20115.0,2651.0,2890.0,162.0,891.0,6115.0
2019-01-07 04:06:35.612189,20160.0,2663.0,2912.0,163.0,892.0,6129.0
2019-01-07 04:11:08.339509,20191.0,2669.0,2916.0,164.0,892.0,6133.0
2019-01-07 04:15:39.977940,20214.0,2672.0,2921.0,165.0,895.0,6153.0
2019-01-07 04:20:11.583584,20237.0,2679.0,2929.0,165.0,896.0,6174.0
2019-01-07 04:24:43.596495,20271.0,2684.0,2934.0,165.0,899.0,6185.0
2019-01-07 04:29:16.151800,20292.0,2693.0,2943.0,165.0,901.0,6201.0
2019-01-07 04:33:47.763016,20325.0,2695.0,2945.0,165.0,901.0,6212.0
2019-01-07 04:38:20.353121,20344.0,2704.0,2946.0,165.0,904.0,6238.0
2019-01-07 04:42:52.534443,20386.0,2711.0,2951.0,165.0,905.0,6253.0
2019-01-07 04:47:24.294797,20427.0,2717.0,2957.0,165.0,909.0,6266.0
2019-01-07 04:51:56.069610,20458.0,2718.0,2964.0,165.0,910.0,6282.0
2019-01-07 04:56:27.776084,20491.0,2719.0,2967.0,165.0,911.0,6295.0
2019-01-07 05:01:00.458973,20543.0,2727.0,2971.0,166.0,913.0,6308.0
2019-01-07 05:05:32.618711,20573.0,2734.0,2978.0,169.0,917.0,6323.0
2019-01-07 05:10:04.712866,20602.0,2741.0,2980.0,170.0,917.0,6336.0
2019-01-07 05:14:37.223915,20628.0,2744.0,2984.0,170.0,920.0,6354.0
2019-01-07 05:19:09.352306,20657.0,2746.0,2991.0,170.0,924.0,6371.0
2019-01-07 05:23:41.450467,20687.0,2750.0,2998.0,170.0,926.0,6378.0
2019-01-07 05:28:13.036386,20717.0,2758.0,3004.0,170.0,927.0,6386.0
2019-01-07 05:32:45.568544,20754.0,2765.0,3007.0,170.0,928.0,6392.0
2019-01-07 05:37:17.066411,20785.0,2773.0,3020.0,170.0,932.0,6402.0
2019-01-07 05:41:48.908016,20803.0,2777.0,3023.0,170.0,932.0,6408.0
2019-01-07 05:46:20.849658,20834.0,2788.0,3028.0,172.0,932.0,6420.0
2019-01-07 05:50:52.367517,20866.0,2795.0,3035.0,172.0,935.0,6423.0
2019-01-07 05:55:25.110409,20906.0,2804.0,3040.0,172.0,936.0,6428.0
2019-01-07 05:59:57.034236,20939.0,2805.0,3044.0,172.0,936.0,6435.0
2019-01-07 06:04:28.838158,21025.0,2827.0,3073.0,173.0,939.0,6439.0
2019-01-07 06:09:00.438344,21067.0,2834.0,3077.0,175.0,941.0,6447.0
2019-01-07 06:13:32.855295,21112.0,2847.0,3080.0,175.0,943.0,6453.0
2019-01-07 06:18:04.421548,21164.0,2860.0,3090.0,175.0,947.0,6458.0
2019-01-07 06:22:35.989884,21204.0,2868.0,3095.0,175.0,950.0,6464.0
2019-01-07 06:27:08.252984,21239.0,2871.0,3096.0,175.0,951.0,6471.0
2019-01-07 06:31:40.633435,21270.0,2874.0,3099.0,175.0,952.0,6483.0
2019-01-07 06:36:12.208416,21300.0,2878.0,3105.0,176.0,955.0,6489.0
2019-01-07 06:40:43.697578,21329.0,2887.0,3106.0,176.0,955.0,6493.0
2019-01-07 06:45:15.535576,21359.0,2897.0,3110.0,176.0,955.0,6501.0
2019-01-07 06:49:47.083351,21392.0,2903.0,3115.0,176.0,957.0,6514.0
2019-01-07 06:54:18.774136,21431.0,2916.0,3121.0,176.0,959.0,6528.0
2019-01-07 06:58:50.398949,21462.0,2920.0,3125.0,176.0,959.0,6533.0
2019-01-07 07:03:22.390145,21510.0,2930.0,3131.0,177.0,962.0,6537.0
2019-01-07 07:07:54.784868,21537.0,2938.0,3138.0,177.0,968.0,6545.0
2019-01-07 07:12:27.224171,21577.0,2942.0,3142.0,177.0,972.0,6547.0
2019-01-07 07:17:00.234818,21604.0,2946.0,3146.0,177.0,972.0,6550.0
2019-01-07 07:21:32.616930,21638.0,2952.0,3153.0,177.0,974.0,6553.0
2019-01-07 07:26:04.614838,21667.0,2966.0,3158.0,178.0,976.0,6555.0
2019-01-07 07:30:36.294431,21698.0,2971.0,3163.0,178.0,976.0,6556.0
2019-01-07 07:35:07.979294,21727.0,2980.0,3169.0,179.0,978.0,6564.0
2019-01-07 07:39:39.575061,21776.0,2994.0,3179.0,179.0,980.0,6572.0
2019-01-07 07:44:11.576281,21826.0,3006.0,3187.0,179.0,981.0,6576.0
2019-01-07 07:48:43.979486,21857.0,3014.0,3192.0,179.0,981.0,6580.0
2019-01-07 07:53:15.666008,21890.0,3023.0,3202.0,181.0,982.0,6590.0
2019-01-07 07:57:47.217252,21919.0,3032.0,3211.0,182.0,982.0,6597.0
2019-01-07 08:02:19.660676,21988.0,3048.0,3217.0,183.0,985.0,6604.0
2019-01-07 08:06:51.505766,22041.0,3056.0,3252.0,184.0,988.0,6610.0
2019-01-07 08:11:23.210249,22096.0,3067.0,3257.0,184.0,989.0,6615.0
2019-01-07 08:15:56.122073,22138.0,3076.0,3259.0,184.0,991.0,6619.0
2019-01-07 08:20:27.815875,22167.0,3086.0,3264.0,184.0,994.0,6623.0
2019-01-07 08:24:59.710454,22195.0,3094.0,3272.0,184.0,997.0,6628.0
2019-01-07 08:29:31.338077,22224.0,3102.0,3276.0,184.0,998.0,6629.0
2019-01-07 08:34:03.679498,22264.0,3112.0,3282.0,184.0,998.0,6633.0
2019-01-07 08:38:35.734045,22317.0,3121.0,3289.0,184.0,1002.0,6640.0
2019-01-07 08:43:09.490969,22349.0,3124.0,3292.0,184.0,1002.0,6647.0
2019-01-07 08:47:42.420360,22377.0,3130.0,3302.0,185.0,1002.0,6652.0
2019-01-07 08:52:14.916220,22410.0,3138.0,3309.0,185.0,1004.0,6659.0
2019-01-07 08:56:46.477922,22454.0,3143.0,3342.0,186.0,1007.0,6661.0
2019-01-07 09:01:18.937777,22504.0,3160.0,3349.0,187.0,1009.0,6666.0
2019-01-07 09:05:50.943220,22568.0,3169.0,3354.0,187.0,1012.0,6675.0
2019-01-07 09:10:23.285241,22608.0,3170.0,3357.0,187.0,1013.0,6679.0
2019-01-07 09:14:54.884260,22650.0,3175.0,3359.0,187.0,1016.0,6684.0
2019-01-07 09:19:26.426885,22693.0,3183.0,3364.0,187.0,1016.0,6688.0
2019-01-07 09:23:58.311772,22726.0,3188.0,3370.0,187.0,1022.0,6694.0
2019-01-07 09:28:29.967782,22759.0,3199.0,3376.0,189.0,1024.0,6697.0
2019-01-07 09:33:01.412986,22818.0,3212.0,3383.0,195.0,1024.0,6702.0
2019-01-07 09:37:32.960668,22872.0,3216.0,3395.0,200.0,1029.0,6710.0
2019-01-07 09:42:05.298641,22917.0,3226.0,3401.0,200.0,1031.0,6716.0
2019-01-07 09:46:37.158108,22960.0,3234.0,3412.0,200.0,1032.0,6722.0
2019-01-07 09:51:09.616921,22995.0,3242.0,3424.0,201.0,1035.0,6730.0
2019-01-07 09:55:41.217814,23035.0,3247.0,3437.0,201.0,1038.0,6735.0
2019-01-07 10:00:13.616742,23085.0,3259.0,3446.0,203.0,1039.0,6737.0
2019-01-07 10:04:45.727188,23139.0,3277.0,3482.0,206.0,1045.0,6745.0
2019-01-07 10:09:17.311816,23177.0,3284.0,3485.0,208.0,1049.0,6750.0
2019-01-07 10:13:49.091893,23232.0,3291.0,3490.0,208.0,1049.0,6755.0
2019-01-07 10:18:20.602812,23265.0,3296.0,3493.0,210.0,1052.0,6759.0
2019-01-07 10:22:52.428232,23295.0,3300.0,3496.0,210.0,1053.0,6764.0
2019-01-07 10:27:24.660992,23329.0,3304.0,3503.0,211.0,1058.0,6775.0
2019-01-07 10:31:56.484787,23382.0,3310.0,3505.0,211.0,1062.0,6778.0
2019-01-07 10:36:29.041822,23422.0,3321.0,3510.0,211.0,1065.0,6782.0
2019-01-07 10:41:00.632793,23454.0,3331.0,3519.0,212.0,1066.0,6787.0
2019-01-07 10:45:32.497126,23482.0,3340.0,3523.0,212.0,1067.0,6793.0
2019-01-07 10:50:04.064881,23525.0,3344.0,3526.0,214.0,1067.0,6799.0
2019-01-07 10:54:35.553556,23556.0,3347.0,3532.0,215.0,1068.0,6804.0
2019-01-07 10:59:07.167774,23594.0,3360.0,3537.0,215.0,1070.0,6809.0
2019-01-07 11:03:39.427056,23670.0,3383.0,3542.0,217.0,1074.0,6816.0
2019-01-07 11:08:11.081120,23721.0,3395.0,3548.0,218.0,1076.0,6820.0
2019-01-07 11:12:42.735414,23787.0,3403.0,3556.0,219.0,1077.0,6826.0
2019-01-07 11:17:14.525642,23820.0,3410.0,3564.0,220.0,1078.0,6830.0
2019-01-07 11:21:47.108577,23860.0,3415.0,3574.0,221.0,1079.0,6837.0
2019-01-07 11:26:19.520755,23906.0,3425.0,3581.0,222.0,1083.0,6839.0
2019-01-07 11:30:51.984360,23951.0,3432.0,3588.0,222.0,1085.0,6849.0
2019-01-07 11:35:24.474692,24002.0,3442.0,3601.0,222.0,1088.0,6852.0
2019-01-07 11:39:56.159771,24034.0,3447.0,3614.0,223.0,1089.0,6855.0
2019-01-07 11:44:28.219489,24070.0,3451.0,3620.0,224.0,1091.0,6860.0
2019-01-07 11:49:00.696874,24110.0,3463.0,3634.0,226.0,1093.0,6868.0
2019-01-07 11:53:32.230655,24159.0,3471.0,3643.0,226.0,1095.0,6879.0
2019-01-07 11:58:04.417684,24196.0,3476.0,3649.0,226.0,1098.0,6888.0
2019-01-07 12:02:37.043120,24276.0,3492.0,3657.0,227.0,1104.0,6896.0
2019-01-07 12:07:09.370024,24327.0,3499.0,3694.0,229.0,1112.0,6907.0
2019-01-07 12:11:41.671727,24381.0,3506.0,3703.0,230.0,1114.0,6916.0
2019-01-07 12:16:13.273260,24423.0,3515.0,3711.0,230.0,1117.0,6920.0
2019-01-07 12:20:44.748396,24468.0,3521.0,3716.0,233.0,1120.0,6925.0
2019-01-07 12:25:16.855735,24521.0,3533.0,3723.0,235.0,1121.0,6930.0
2019-01-07 12:29:48.583713,24561.0,3539.0,3733.0,236.0,1123.0,6933.0
2019-01-07 12:34:21.065983,24611.0,3548.0,3741.0,238.0,1125.0,6939.0
2019-01-07 12:38:52.774471,24658.0,3563.0,3746.0,239.0,1129.0,6953.0
2019-01-07 12:43:27.107381,24706.0,3565.0,3755.0,239.0,1130.0,6959.0
2019-01-07 12:47:59.139811,24740.0,3576.0,3769.0,241.0,1132.0,6965.0
2019-01-07 12:52:31.053963,24804.0,3584.0,3778.0,244.0,1135.0,6969.0
2019-01-07 12:57:03.468596,24841.0,3589.0,3791.0,244.0,1137.0,6974.0
2019-01-07 13:01:34.987956,24916.0,3609.0,3798.0,245.0,1138.0,6983.0
2019-01-07 13:06:06.708799,24963.0,3614.0,3806.0,248.0,1144.0,6989.0
2019-01-07 13:10:38.338917,24998.0,3618.0,3815.0,248.0,1145.0,6995.0
2019-01-07 13:15:09.940773,25053.0,3634.0,3824.0,248.0,1145.0,7002.0
2019-01-07 13:19:41.804134,25109.0,3645.0,3832.0,248.0,1147.0,7010.0
2019-01-07 13:24:13.897687,25157.0,3654.0,3844.0,248.0,1149.0,7023.0
2019-01-07 13:28:45.441369,25204.0,3668.0,3851.0,248.0,1151.0,7035.0
2019-01-07 13:33:17.790535,25250.0,3675.0,3857.0,248.0,1155.0,7050.0
2019-01-07 13:37:50.177429,25296.0,3684.0,3867.0,248.0,1159.0,7064.0
2019-01-07 13:42:22.533772,25364.0,3693.0,3872.0,249.0,1162.0,7067.0
2019-01-07 13:46:54.260801,25419.0,3704.0,3881.0,249.0,1167.0,7072.0
2019-01-07 13:51:26.593706,25470.0,3710.0,3886.0,249.0,1169.0,7083.0
2019-01-07 13:55:58.098572,25526.0,3718.0,3899.0,249.0,1172.0,7094.0
2019-01-07 14:00:30.425038,25601.0,3726.0,3905.0,249.0,1177.0,7103.0
2019-01-07 14:05:02.344205,25679.0,3741.0,3936.0,250.0,1179.0,7111.0
2019-01-07 14:09:34.066068,25714.0,3746.0,3940.0,251.0,1183.0,7121.0
2019-01-07 14:14:05.530476,25763.0,3754.0,3945.0,252.0,1184.0,7126.0
2019-01-07 14:18:37.989649,25827.0,3761.0,3957.0,252.0,1186.0,7131.0
2019-01-07 14:23:10.445151,25887.0,3770.0,3970.0,252.0,1189.0,7137.0
2019-01-07 14:27:42.422397,25935.0,3771.0,3972.0,252.0,1194.0,7142.0
2019-01-07 14:32:14.607566,25997.0,3783.0,3979.0,253.0,1194.0,7152.0
2019-01-07 14:36:46.092875,26036.0,3795.0,3994.0,253.0,1198.0,7160.0
2019-01-07 14:41:18.662418,26077.0,3799.0,4002.0,253.0,1198.0,7177.0
2019-01-07 14:45:50.798956,26131.0,3809.0,4020.0,253.0,1199.0,7187.0
2019-01-07 14:50:22.645408,26201.0,3821.0,4027.0,253.0,1200.0,7199.0
2019-01-07 14:54:54.344123,26232.0,3827.0,4034.0,254.0,1202.0,7218.0
2019-01-07 14:59:25.931128,26275.0,3833.0,4049.0,255.0,1204.0,7229.0
2019-01-07 15:03:58.409241,26358.0,3848.0,4063.0,258.0,1207.0,7246.0
2019-01-07 15:08:30.571244,26407.0,3850.0,4075.0,258.0,1212.0,7252.0
2019-01-07 15:13:02.264194,26472.0,3855.0,4083.0,260.0,1222.0,7259.0
2019-01-07 15:17:38.186261,26533.0,3864.0,4094.0,261.0,1237.0,7265.0
2019-01-07 15:22:10.078835,26575.0,3871.0,4106.0,262.0,1243.0,7286.0
2019-01-07 15:26:42.222263,26626.0,3880.0,4115.0,264.0,1245.0,7305.0
2019-01-07 15:31:14.721124,26687.0,3889.0,4129.0,265.0,1254.0,7333.0
2019-01-07 15:35:46.258981,26741.0,3896.0,4139.0,267.0,1268.0,7358.0
2019-01-07 15:40:18.751414,26774.0,3901.0,4144.0,268.0,1274.0,7373.0
2019-01-07 15:44:50.627239,26839.0,3908.0,4151.0,268.0,1278.0,7393.0
2019-01-07 15:49:22.198563,26899.0,3917.0,4156.0,268.0,1282.0,7416.0
2019-01-07 15:53:58.300300,26939.0,3931.0,4163.0,268.0,1284.0,7425.0
2019-01-07 15:58:30.789599,26987.0,3944.0,4170.0,268.0,1290.0,7442.0
2019-01-07 16:03:03.306865,27085.0,3956.0,4191.0,270.0,1292.0,7456.0
2019-01-07 16:07:35.433313,27155.0,3972.0,4221.0,272.0,1296.0,7471.0
2019-01-07 16:12:07.680100,27212.0,3984.0,4227.0,272.0,1296.0,7483.0
2019-01-07 16:16:40.157196,27248.0,3994.0,4234.0,274.0,1298.0,7492.0
2019-01-07 16:21:12.029528,27282.0,4004.0,4237.0,274.0,1298.0,7499.0
2019-01-07 16:25:43.986502,27341.0,4012.0,4249.0,277.0,1298.0,7517.0
2019-01-07 16:30:16.579996,27412.0,4023.0,4257.0,277.0,1299.0,7523.0
2019-01-07 16:34:48.083817,27464.0,4031.0,4270.0,278.0,1301.0,7532.0
2019-01-07 16:39:19.696932,27513.0,4042.0,4281.0,280.0,1304.0,7548.0
2019-01-07 16:43:58.057840,27555.0,4047.0,4293.0,281.0,1309.0,7565.0
2019-01-07 16:48:29.719393,27601.0,4053.0,4308.0,281.0,1311.0,7576.0
2019-01-07 16:53:01.565010,27646.0,4057.0,4320.0,282.0,1314.0,7583.0
2019-01-07 16:57:34.106803,27691.0,4065.0,4329.0,284.0,1316.0,7601.0
2019-01-07 17:02:05.814024,27789.0,4085.0,4342.0,286.0,1321.0,7613.0
2019-01-07 17:06:37.774039,27852.0,4093.0,4353.0,286.0,1325.0,7641.0
2019-01-07 17:11:10.222586,27899.0,4097.0,4359.0,286.0,1325.0,7654.0
2019-01-07 17:15:42.868297,27950.0,4105.0,4366.0,287.0,1327.0,7659.0
2019-01-07 17:20:15.275836,28005.0,4108.0,4375.0,287.0,1330.0,7673.0
2019-01-07 17:24:47.209086,28058.0,4116.0,4383.0,289.0,1333.0,7693.0
2019-01-07 17:29:19.478074,28125.0,4125.0,4388.0,290.0,1335.0,7701.0
2019-01-07 17:33:51.946842,28199.0,4130.0,4397.0,292.0,1341.0,7710.0
2019-01-07 17:38:23.651088,28256.0,4140.0,4413.0,292.0,1343.0,7720.0
2019-01-07 17:42:55.147214,28296.0,4143.0,4435.0,292.0,1347.0,7730.0
2019-01-07 17:47:27.128084,28345.0,4151.0,4446.0,292.0,1350.0,7736.0
2019-01-07 17:51:58.768061,28388.0,4153.0,4451.0,293.0,1353.0,7744.0
2019-01-07 17:56:30.758945,28440.0,4156.0,4461.0,293.0,1353.0,7756.0
2019-01-07 18:01:02.534837,28516.0,4169.0,4473.0,294.0,1353.0,7771.0
2019-01-07 18:05:34.796288,28560.0,4177.0,4507.0,295.0,1358.0,7776.0
2019-01-07 18:10:06.968151,28618.0,4186.0,4515.0,295.0,1363.0,7789.0
2019-01-07 18:14:39.431829,28666.0,4194.0,4525.0,297.0,1365.0,7804.0
2019-01-07 18:19:12.016430,28709.0,4199.0,4541.0,297.0,1366.0,7815.0
2019-01-07 18:23:46.183671,28750.0,4208.0,4550.0,297.0,1368.0,7827.0
2019-01-07 18:28:18.486622,28811.0,4211.0,4552.0,297.0,1369.0,7832.0
2019-01-07 18:32:50.661849,28882.0,4217.0,4567.0,298.0,1372.0,7842.0
2019-01-07 18:37:23.063937,28939.0,4225.0,4576.0,299.0,1374.0,7848.0
2019-01-07 18:41:54.744525,28981.0,4235.0,4580.0,299.0,1376.0,7865.0
2019-01-07 18:46:26.849846,29036.0,4239.0,4591.0,299.0,1378.0,7880.0
2019-01-07 18:50:58.530101,29081.0,4246.0,4605.0,300.0,1379.0,7886.0
2019-01-07 18:55:30.279306,29136.0,4255.0,4607.0,300.0,1379.0,7896.0
2019-01-07 19:00:01.993553,29179.0,4259.0,4641.0,300.0,1381.0,7904.0
2019-01-07 19:04:34.275071,29256.0,4275.0,4654.0,301.0,1383.0,7918.0
2019-01-07 19:09:06.356541,29320.0,4282.0,4658.0,302.0,1384.0,7931.0
2019-01-07 19:13:38.023144,29376.0,4285.0,4664.0,303.0,1384.0,7938.0
2019-01-07 19:18:10.562611,29441.0,4295.0,4677.0,305.0,1385.0,7947.0
2019-01-07 19:22:42.256074,29480.0,4302.0,4686.0,306.0,1385.0,7954.0
2019-01-07 19:27:14.570318,29514.0,4309.0,4690.0,307.0,1387.0,7969.0
2019-01-07 19:31:46.478770,29564.0,4312.0,4699.0,308.0,1389.0,7982.0
2019-01-07 19:36:18.076580,29611.0,4321.0,4709.0,309.0,1395.0,7994.0
2019-01-07 19:40:50.048387,29648.0,4330.0,4713.0,310.0,1397.0,8004.0
2019-01-07 19:45:21.864002,29683.0,4337.0,4723.0,310.0,1399.0,8015.0
2019-01-07 19:49:54.371448,29719.0,4344.0,4729.0,310.0,1404.0,8021.0
2019-01-07 19:54:26.064732,29765.0,4348.0,4736.0,311.0,1404.0,8029.0
2019-01-07 19:58:57.762708,29806.0,4353.0,4752.0,311.0,1406.0,8040.0
2019-01-07 20:03:30.231835,29886.0,4364.0,4779.0,312.0,1409.0,8045.0
2019-01-07 20:08:02.686854,29937.0,4371.0,4817.0,312.0,1412.0,8059.0
2019-01-07 20:12:35.841276,29986.0,4378.0,4841.0,313.0,1413.0,8074.0
2019-01-07 20:17:07.689359,30041.0,4392.0,4855.0,314.0,1413.0,8085.0
2019-01-07 20:21:40.218027,30089.0,4399.0,4861.0,314.0,1416.0,8094.0
2019-01-07 20:26:12.377298,30168.0,4407.0,4872.0,315.0,1416.0,8099.0
2019-01-07 20:30:44.902179,30225.0,4419.0,4881.0,318.0,1418.0,8105.0
2019-01-07 20:35:16.621163,30283.0,4427.0,4888.0,318.0,1419.0,8116.0
2019-01-07 20:39:49.030558,30317.0,4430.0,4899.0,318.0,1420.0,8131.0
2019-01-07 20:44:21.089329,30350.0,4440.0,4906.0,319.0,1421.0,8143.0
2019-01-07 20:48:53.569064,30391.0,4447.0,4913.0,319.0,1423.0,8153.0
2019-01-07 20:53:25.305799,30417.0,4452.0,4922.0,320.0,1424.0,8164.0
2019-01-07 20:57:57.195249,30463.0,4459.0,4932.0,320.0,1425.0,8175.0
2019-01-07 21:02:29.721836,30531.0,4477.0,4941.0,322.0,1429.0,8189.0
2019-01-07 21:07:01.661168,30576.0,4491.0,4953.0,322.0,1433.0,8203.0
2019-01-07 21:11:34.001802,30623.0,4496.0,4965.0,324.0,1434.0,8209.0
2019-01-07 21:16:06.472792,30664.0,4504.0,4970.0,325.0,1437.0,8216.0
2019-01-07 21:20:38.030265,30708.0,4509.0,4979.0,325.0,1439.0,8226.0
2019-01-07 21:25:09.979422,30745.0,4519.0,4988.0,325.0,1440.0,8240.0
2019-01-07 21:29:41.978199,30778.0,4520.0,4994.0,325.0,1446.0,8251.0
2019-01-07 21:34:13.576631,30828.0,4525.0,5003.0,325.0,1446.0,8263.0
2019-01-07 21:38:45.565287,30865.0,4532.0,5024.0,325.0,1448.0,8281.0
2019-01-07 21:43:18.091888,30900.0,4535.0,5029.0,326.0,1450.0,8291.0
2019-01-07 21:47:50.008490,30947.0,4537.0,5042.0,327.0,1450.0,8303.0
2019-01-07 21:52:21.731156,30991.0,4546.0,5059.0,327.0,1453.0,8308.0
2019-01-07 21:56:54.163486,31027.0,4552.0,5069.0,327.0,1456.0,8319.0
2019-01-07 22:01:26.763249,31095.0,4571.0,5076.0,327.0,1460.0,8330.0
2019-01-07 22:05:59.030618,31157.0,4582.0,5098.0,328.0,1466.0,8347.0
2019-01-07 22:10:31.193925,31197.0,4590.0,5108.0,329.0,1470.0,8358.0
2019-01-07 22:15:02.962193,31252.0,4596.0,5118.0,329.0,1471.0,8364.0
2019-01-07 22:19:35.045606,31311.0,4599.0,5127.0,329.0,1474.0,8377.0
2019-01-07 22:24:09.109513,31360.0,4605.0,5135.0,329.0,1480.0,8393.0
2019-01-07 22:28:42.909934,31396.0,4608.0,5145.0,329.0,1486.0,8402.0
2019-01-07 22:33:15.391632,31469.0,4619.0,5156.0,329.0,1488.0,8410.0
2019-01-07 22:37:47.155033,31521.0,4632.0,5162.0,330.0,1490.0,8415.0
2019-01-07 22:42:19.705599,31565.0,4649.0,5177.0,331.0,1492.0,8427.0
2019-01-07 22:46:52.069976,31624.0,4665.0,5186.0,331.0,1494.0,8437.0
2019-01-07 22:51:23.944705,31668.0,4676.0,5197.0,331.0,1495.0,8445.0
2019-01-07 22:55:55.828645,31716.0,4683.0,5206.0,331.0,1495.0,8453.0
2019-01-07 23:00:28.312221,31787.0,4695.0,5217.0,332.0,1497.0,8461.0
2019-01-07 23:05:00.717860,31832.0,4704.0,5238.0,334.0,1501.0,8471.0
2019-01-07 23:09:32.597259,31875.0,4714.0,5256.0,334.0,1504.0,8488.0
2019-01-07 23:14:04.689158,31910.0,4725.0,5269.0,335.0,1509.0,8507.0
2019-01-07 23:18:36.274077,31962.0,4733.0,5273.0,335.0,1514.0,8517.0
2019-01-07 23:23:08.858732,32002.0,4740.0,5280.0,335.0,1515.0,8525.0
2019-01-07 23:27:40.960314,32037.0,4750.0,5289.0,335.0,1516.0,8536.0
2019-01-07 23:32:13.317961,32085.0,4759.0,5296.0,336.0,1518.0,8543.0
2019-01-07 23:36:45.953680,32128.0,4768.0,5308.0,336.0,1522.0,8559.0
2019-01-07 23:41:17.626239,32170.0,4776.0,5312.0,336.0,1524.0,8574.0
2019-01-07 23:45:49.780430,32209.0,4780.0,5326.0,336.0,1528.0,8584.0
2019-01-07 23:50:22.106789,32231.0,4786.0,5336.0,336.0,1531.0,8596.0
2019-01-07 23:54:54.005222,32259.0,4787.0,5345.0,337.0,1532.0,8604.0
2019-01-07 23:59:26.479477,32292.0,4792.0,5359.0,337.0,1533.0,8608.0
2019-01-08 00:03:58.893631,32347.0,4804.0,5371.0,338.0,1537.0,8621.0
2019-01-08 00:08:31.057403,32398.0,4811.0,5381.0,338.0,1540.0,8633.0
2019-01-08 00:13:03.533987,32434.0,4813.0,5388.0,338.0,1541.0,8646.0
2019-01-08 00:17:36.118562,32483.0,4816.0,5402.0,338.0,1544.0,8650.0
2019-01-08 00:22:07.932750,32528.0,4817.0,5417.0,338.0,1544.0,8662.0
2019-01-08 00:26:39.848186,32567.0,4822.0,5421.0,338.0,1547.0,8676.0
2019-01-08 00:31:12.275622,32625.0,4826.0,5426.0,338.0,1548.0,8689.0
2019-01-08 00:35:44.077801,32679.0,4830.0,5435.0,338.0,1552.0,8700.0
2019-01-08 00:40:15.934639,32738.0,4843.0,5441.0,338.0,1554.0,8711.0
2019-01-08 00:44:47.871342,32770.0,4846.0,5449.0,338.0,1556.0,8721.0
2019-01-08 00:49:19.401788,32806.0,4850.0,5460.0,338.0,1559.0,8729.0
2019-01-08 00:53:50.948017,32841.0,4855.0,5464.0,338.0,1561.0,8733.0
2019-01-08 00:58:22.631926,32879.0,4861.0,5480.0,338.0,1564.0,8742.0
2019-01-08 01:02:54.342170,32930.0,4868.0,5491.0,340.0,1567.0,8752.0
2019-01-08 01:07:26.419459,32987.0,4874.0,5498.0,340.0,1571.0,8761.0
2019-01-08 01:11:58.048593,33028.0,4879.0,5505.0,340.0,1572.0,8770.0
2019-01-08 01:16:29.656064,33049.0,4882.0,5514.0,340.0,1573.0,8776.0
2019-01-08 01:21:02.167130,33082.0,4887.0,5521.0,340.0,1575.0,8787.0
2019-01-08 01:25:34.302562,33118.0,4892.0,5526.0,340.0,1577.0,8808.0
2019-01-08 01:30:06.001089,33133.0,4894.0,5533.0,340.0,1578.0,8828.0
2019-01-08 01:34:38.032608,33170.0,4896.0,5536.0,340.0,1579.0,8837.0
2019-01-08 01:39:09.931913,33205.0,4899.0,5544.0,340.0,1582.0,8851.0
2019-01-08 01:43:41.523654,33244.0,4906.0,5550.0,342.0,1585.0,8868.0
2019-01-08 01:48:13.858455,33259.0,4909.0,5555.0,342.0,1586.0,8875.0
2019-01-08 01:52:46.142270,33281.0,4912.0,5560.0,343.0,1588.0,8888.0
2019-01-08 01:57:17.926199,33302.0,4912.0,5577.0,343.0,1593.0,8896.0
2019-01-08 02:01:49.407400,33375.0,4923.0,5583.0,345.0,1596.0,8915.0
2019-01-08 02:06:21.406586,33419.0,4932.0,5616.0,346.0,1600.0,8928.0
2019-01-08 02:10:53.046223,33471.0,4935.0,5621.0,346.0,1602.0,8941.0
2019-01-08 02:15:25.561873,33525.0,4941.0,5624.0,346.0,1603.0,8951.0
2019-01-08 02:19:57.234600,33564.0,4948.0,5630.0,346.0,1605.0,8962.0
2019-01-08 02:24:28.995473,33603.0,4951.0,5634.0,346.0,1605.0,8974.0
2019-01-08 02:29:02.620832,33633.0,4952.0,5638.0,346.0,1606.0,8981.0
2019-01-08 02:33:34.557512,33678.0,4957.0,5651.0,346.0,1606.0,8995.0
2019-01-08 02:38:06.340047,33715.0,4959.0,5656.0,346.0,1607.0,9006.0
2019-01-08 02:42:38.019436,33753.0,4964.0,5674.0,346.0,1607.0,9014.0
2019-01-08 02:47:09.883580,33787.0,4967.0,5685.0,346.0,1608.0,9030.0
2019-01-08 02:51:41.604610,33819.0,4971.0,5691.0,346.0,1609.0,9051.0
2019-01-08 02:56:13.543998,33839.0,4975.0,5693.0,346.0,1610.0,9059.0
2019-01-08 03:00:45.111416,33901.0,4992.0,5698.0,347.0,1612.0,9071.0
2019-01-08 03:05:17.241339,33953.0,5003.0,5707.0,348.0,1615.0,9084.0
2019-01-08 03:09:49.684272,33991.0,5012.0,5711.0,348.0,1616.0,9101.0
2019-01-08 03:14:21.415107,34025.0,5014.0,5715.0,348.0,1620.0,9112.0
2019-01-08 03:18:53.069182,34082.0,5020.0,5720.0,349.0,1623.0,9125.0
2019-01-08 03:23:24.599414,34106.0,5025.0,5728.0,349.0,1623.0,9128.0
2019-01-08 03:27:56.601766,34137.0,5027.0,5738.0,349.0,1626.0,9136.0
2019-01-08 03:32:29.030034,34182.0,5034.0,5751.0,349.0,1627.0,9145.0
2019-01-08 03:37:00.922552,34219.0,5042.0,5763.0,350.0,1628.0,9154.0
2019-01-08 03:41:32.545723,34254.0,5044.0,5772.0,350.0,1631.0,9163.0
2019-01-08 03:46:04.633769,34279.0,5049.0,5790.0,351.0,1633.0,9172.0
2019-01-08 03:50:37.177619,34319.0,5057.0,5801.0,351.0,1637.0,9175.0
2019-01-08 03:55:08.929350,34347.0,5058.0,5804.0,351.0,1639.0,9183.0
2019-01-08 03:59:41.334607,34370.0,5064.0,5817.0,351.0,1643.0,9188.0
2019-01-08 04:04:12.941431,34435.0,5072.0,5848.0,352.0,1645.0,9202.0
2019-01-08 04:08:44.744279,34491.0,5079.0,5855.0,352.0,1646.0,9209.0
2019-01-08 04:13:17.344462,34543.0,5084.0,5860.0,352.0,1646.0,9224.0
2019-01-08 04:17:49.376495,34583.0,5087.0,5869.0,353.0,1649.0,9234.0
2019-01-08 04:22:21.189200,34619.0,5091.0,5871.0,353.0,1651.0,9246.0
2019-01-08 04:26:53.198147,34651.0,5093.0,5874.0,353.0,1653.0,9257.0
2019-01-08 04:31:24.847373,34694.0,5099.0,5881.0,353.0,1655.0,9269.0
2019-01-08 04:35:57.447422,34734.0,5108.0,5890.0,353.0,1657.0,9282.0
2019-01-08 04:40:29.405370,34769.0,5112.0,5901.0,353.0,1658.0,9295.0
2019-01-08 04:45:01.591237,34796.0,5119.0,5916.0,353.0,1658.0,9312.0
2019-01-08 04:49:33.476066,34820.0,5122.0,5925.0,353.0,1659.0,9329.0
2019-01-08 04:54:05.184005,34848.0,5125.0,5927.0,353.0,1662.0,9347.0
2019-01-08 04:58:36.896695,34886.0,5126.0,5930.0,353.0,1663.0,9357.0
2019-01-08 05:03:08.583995,34952.0,5141.0,5934.0,357.0,1667.0,9366.0
2019-01-08 05:07:41.296830,34991.0,5147.0,5939.0,358.0,1671.0,9376.0
2019-01-08 05:12:13.078628,35024.0,5158.0,5949.0,359.0,1676.0,9384.0
2019-01-08 05:16:45.123697,35059.0,5163.0,5956.0,360.0,1680.0,9394.0
2019-01-08 05:21:17.568162,35092.0,5165.0,5962.0,360.0,1681.0,9405.0
2019-01-08 05:25:49.847897,35125.0,5173.0,5966.0,361.0,1685.0,9406.0
2019-01-08 05:30:22.295052,35160.0,5176.0,5972.0,361.0,1686.0,9414.0
2019-01-08 05:34:53.946245,35187.0,5181.0,5983.0,361.0,1688.0,9421.0
2019-01-08 05:39:25.678233,35208.0,5185.0,5991.0,361.0,1690.0,9427.0
2019-01-08 05:43:57.371556,35229.0,5188.0,5996.0,362.0,1690.0,9434.0
2019-01-08 05:48:29.587445,35251.0,5190.0,6001.0,362.0,1693.0,9439.0
2019-01-08 05:53:02.116916,35285.0,5194.0,6006.0,362.0,1694.0,9448.0
2019-01-08 05:57:33.587120,35317.0,5207.0,6016.0,364.0,1695.0,9452.0
2019-01-08 06:02:05.096521,35392.0,5226.0,6020.0,365.0,1697.0,9458.0
2019-01-08 06:06:37.273465,35462.0,5235.0,6049.0,367.0,1702.0,9464.0
2019-01-08 06:11:09.649725,35504.0,5250.0,6052.0,368.0,1702.0,9470.0
2019-01-08 06:15:41.257175,35546.0,5258.0,6055.0,372.0,1704.0,9479.0
2019-01-08 06:20:13.652884,35585.0,5264.0,6063.0,372.0,1704.0,9486.0
2019-01-08 06:24:47.970346,35620.0,5267.0,6070.0,372.0,1706.0,9493.0
2019-01-08 06:29:20.506497,35668.0,5272.0,6073.0,372.0,1707.0,9496.0
2019-01-08 06:33:52.886977,35704.0,5282.0,6084.0,372.0,1708.0,9498.0
2019-01-08 06:38:24.504807,35737.0,5287.0,6090.0,373.0,1709.0,9503.0
2019-01-08 06:42:56.290926,35779.0,5297.0,6093.0,374.0,1709.0,9510.0
2019-01-08 06:47:28.529185,35821.0,5307.0,6097.0,379.0,1709.0,9516.0
2019-01-08 06:52:00.012346,35864.0,5325.0,6102.0,382.0,1714.0,9524.0
2019-01-08 06:56:31.527631,35888.0,5332.0,6110.0,383.0,1715.0,9531.0
2019-01-08 07:01:03.965609,35925.0,5339.0,6119.0,383.0,1716.0,9537.0
2019-01-08 07:05:36.315191,35962.0,5348.0,6125.0,386.0,1719.0,9543.0
2019-01-08 07:10:07.967212,35990.0,5358.0,6131.0,387.0,1719.0,9550.0
2019-01-08 07:14:40.578968,36021.0,5367.0,6135.0,388.0,1723.0,9557.0
2019-01-08 07:19:12.247910,36061.0,5374.0,6140.0,389.0,1723.0,9564.0
2019-01-08 07:23:44.663168,36106.0,5387.0,6146.0,389.0,1725.0,9566.0
2019-01-08 07:28:16.942814,36146.0,5394.0,6153.0,389.0,1725.0,9570.0
2019-01-08 07:32:48.807487,36191.0,5405.0,6162.0,389.0,1727.0,9577.0
2019-01-08 07:37:20.329799,36218.0,5412.0,6166.0,391.0,1728.0,9580.0
2019-01-08 07:41:52.962316,36251.0,5416.0,6172.0,392.0,1730.0,9585.0
2019-01-08 07:46:24.984613,36280.0,5424.0,6177.0,393.0,1731.0,9591.0
2019-01-08 07:50:57.375393,36297.0,5427.0,6181.0,393.0,1733.0,9597.0
2019-01-08 07:55:28.842165,36321.0,5432.0,6186.0,393.0,1734.0,9601.0
2019-01-08 08:00:01.487858,36347.0,5433.0,6194.0,395.0,1734.0,9601.0
2019-01-08 08:04:35.580877,36428.0,5451.0,6235.0,397.0,1741.0,9616.0
2019-01-08 08:09:09.483895,36487.0,5463.0,6242.0,397.0,1742.0,9634.0
2019-01-08 08:13:41.527475,36518.0,5469.0,6248.0,397.0,1743.0,9647.0
2019-01-08 08:18:13.659370,36548.0,5473.0,6250.0,398.0,1744.0,9652.0
2019-01-08 08:22:45.266226,36575.0,5479.0,6264.0,400.0,1745.0,9656.0
2019-01-08 08:27:17.551091,36602.0,5489.0,6269.0,400.0,1748.0,9659.0
2019-01-08 08:31:49.991940,36634.0,5494.0,6273.0,400.0,1748.0,9664.0
2019-01-08 08:36:22.950604,36667.0,5496.0,6283.0,400.0,1753.0,9670.0
2019-01-08 08:40:54.645386,36700.0,5500.0,6290.0,401.0,1753.0,9671.0
2019-01-08 08:45:26.994048,36759.0,5504.0,6297.0,401.0,1754.0,9677.0
2019-01-08 08:49:59.232297,36807.0,5509.0,6304.0,405.0,1761.0,9680.0
2019-01-08 08:54:31.096829,36830.0,5514.0,6309.0,405.0,1764.0,9682.0
2019-01-08 08:59:03.659914,36865.0,5521.0,6317.0,406.0,1769.0,9690.0
2019-01-08 09:03:35.147600,36928.0,5535.0,6323.0,407.0,1773.0,9695.0
2019-01-08 09:08:07.128792,36967.0,5541.0,6329.0,408.0,1776.0,9702.0
2019-01-08 09:12:38.810755,37001.0,5548.0,6336.0,409.0,1776.0,9708.0
2019-01-08 09:17:11.053173,37038.0,5553.0,6341.0,409.0,1776.0,9715.0
2019-01-08 09:21:43.603961,37163.0,5558.0,6344.0,409.0,1776.0,9716.0
2019-01-08 09:26:15.501042,37244.0,5566.0,6348.0,411.0,1777.0,9722.0
2019-01-08 09:30:47.066524,37288.0,5575.0,6352.0,411.0,1781.0,9726.0
2019-01-08 09:35:18.869790,37315.0,5581.0,6360.0,412.0,1782.0,9734.0
2019-01-08 09:39:50.640131,37359.0,5585.0,6365.0,413.0,1785.0,9743.0
2019-01-08 09:44:23.550590,37388.0,5595.0,6373.0,414.0,1787.0,9751.0
2019-01-08 09:48:55.430004,37442.0,5609.0,6384.0,421.0,1787.0,9754.0
2019-01-08 09:53:27.159594,37469.0,5616.0,6391.0,424.0,1791.0,9758.0
2019-01-08 09:57:58.828636,37502.0,5624.0,6400.0,425.0,1792.0,9764.0
2019-01-08 10:02:31.443297,37569.0,5643.0,6411.0,426.0,1796.0,9766.0
2019-01-08 10:07:03.255154,37614.0,5651.0,6436.0,427.0,1799.0,9775.0
2019-01-08 10:11:35.823162,37653.0,5656.0,6444.0,427.0,1801.0,9780.0
2019-01-08 10:16:07.476684,37704.0,5671.0,6458.0,427.0,1802.0,9785.0
2019-01-08 10:20:39.254422,37740.0,5678.0,6466.0,427.0,1805.0,9793.0
2019-01-08 10:25:11.395890,37775.0,5687.0,6475.0,428.0,1806.0,9795.0
2019-01-08 10:29:43.744079,37801.0,5690.0,6485.0,428.0,1809.0,9803.0
2019-01-08 10:34:16.297769,37840.0,5699.0,6493.0,428.0,1811.0,9808.0
2019-01-08 10:38:48.141590,37866.0,5712.0,6501.0,428.0,1812.0,9813.0
2019-01-08 10:43:20.714669,37902.0,5730.0,6509.0,429.0,1813.0,9819.0
2019-01-08 10:47:53.134829,37946.0,5740.0,6516.0,429.0,1817.0,9832.0
2019-01-08 10:52:25.813162,37979.0,5747.0,6530.0,429.0,1818.0,9837.0
2019-01-08 10:56:57.699179,38021.0,5766.0,6540.0,429.0,1820.0,9843.0
2019-01-08 11:01:29.789618,38102.0,5797.0,6545.0,430.0,1824.0,9851.0
2019-01-08 11:06:02.200643,38148.0,5817.0,6559.0,432.0,1831.0,9855.0
2019-01-08 11:10:34.049122,38191.0,5826.0,6564.0,432.0,1834.0,9861.0
2019-01-08 11:15:05.801143,38232.0,5834.0,6568.0,432.0,1837.0,9865.0
2019-01-08 11:19:37.783331,38275.0,5840.0,6579.0,432.0,1840.0,9871.0
2019-01-08 11:24:10.531825,38306.0,5852.0,6588.0,432.0,1843.0,9881.0
2019-01-08 11:28:42.393093,38342.0,5861.0,6595.0,432.0,1846.0,9884.0
2019-01-08 11:33:14.195665,38381.0,5871.0,6602.0,432.0,1849.0,9890.0
2019-01-08 11:37:45.920728,38439.0,5891.0,6612.0,432.0,1852.0,9898.0
2019-01-08 11:42:18.552753,38487.0,5902.0,6626.0,432.0,1856.0,9899.0
2019-01-08 11:46:50.638309,38518.0,5915.0,6633.0,433.0,1861.0,9907.0
2019-01-08 11:51:34.621228,38546.0,5926.0,6640.0,434.0,1863.0,9912.0
2019-01-08 11:56:06.434095,38574.0,5934.0,6646.0,434.0,1864.0,9913.0
2019-01-08 12:00:38.230726,38631.0,5951.0,6655.0,434.0,1866.0,9919.0
2019-01-08 12:05:10.676751,38684.0,5960.0,6699.0,436.0,1873.0,9923.0
2019-01-08 12:09:43.072404,38730.0,5967.0,6707.0,436.0,1874.0,9927.0
2019-01-08 12:14:15.683167,38779.0,5978.0,6711.0,436.0,1874.0,9928.0
2019-01-08 12:18:47.659481,38817.0,5986.0,6716.0,436.0,1877.0,9935.0
2019-01-08 12:23:19.606625,38849.0,5995.0,6723.0,436.0,1879.0,9940.0
2019-01-08 12:27:51.944718,38886.0,5996.0,6737.0,436.0,1881.0,9945.0
2019-01-08 12:32:24.173930,38933.0,6000.0,6747.0,436.0,1881.0,9949.0
2019-01-08 12:36:55.858738,38974.0,6007.0,6758.0,436.0,1885.0,9959.0
2019-01-08 12:41:27.657113,39015.0,6012.0,6765.0,437.0,1885.0,9963.0
2019-01-08 12:45:59.829000,39062.0,6023.0,6778.0,437.0,1887.0,9972.0
2019-01-08 12:50:31.513583,39115.0,6029.0,6790.0,437.0,1889.0,9982.0
2019-01-08 12:55:03.533967,39169.0,6040.0,6803.0,437.0,1890.0,9990.0
2019-01-08 12:59:35.142937,39225.0,6048.0,6808.0,439.0,1894.0,9996.0
2019-01-08 13:04:06.855385,39335.0,6075.0,6813.0,442.0,1897.0,10005.0
2019-01-08 13:08:39.147586,39391.0,6084.0,6828.0,442.0,1900.0,10010.0
2019-01-08 13:13:11.153254,39444.0,6092.0,6839.0,442.0,1902.0,10012.0
2019-01-08 13:17:43.253882,39492.0,6099.0,6852.0,442.0,1904.0,10021.0
